INSERT INTO publishers (id, name)
VALUES (7, 'Secker & Warburg'),
       (8, 'Chatto & Windus'),
       (9, 'Gnome Press'),
       (10, 'Ace Books'),
       (11, 'Bantam Books'),
       (12, 'DAW Books'),
       (13, 'Orbit Books'),
       (14, 'Del Rey Books'),
       (15, 'Tor Books'),
       (16, 'Harper Voyager'),
       (17, 'Gollancz'),
       (18, 'Penguin Books'),
       (19, 'Subterranean Press');

INSERT INTO authors (id, first_name, last_name, bio)
VALUES (8, 'George', 'Orwell', 'English novelist, essayist, and critic known for his dystopian literature.'),
       (9, 'Aldous', 'Huxley', 'English writer and philosopher.'),
       (10, 'Isaac', 'Asimov',
        'American writer and professor of biochemistry, considered a master of hard science fiction.'),
       (11, 'Ursula K.', 'Le Guin', 'American author best known for her works of speculative fiction.'),
       (12, 'William', 'Gibson', 'American-Canadian speculative fiction writer, pioneer of the cyberpunk subgenre.'),
       (13, 'Neal', 'Stephenson', 'American writer known for his works of speculative fiction and cyberpunk.'),
       (14, 'Patrick', 'Rothfuss', 'American epic fantasy writer.'),
       (15, 'George R.R.', 'Martin', 'American novelist and television writer, author of A Song of Ice and Fire.'),
       (16, 'N.K.', 'Jemisin',
        'American sci-fi and fantasy writer, first author to win three consecutive Hugo Awards.'),
       (17, 'Daniel', 'Abraham',
        'American science fiction and fantasy author, one half of the pen name James S.A. Corey.'),
       (18, 'Ty', 'Franck', 'American novelist and screenwriter, one half of the pen name James S.A. Corey.'),
       (19, 'Frank', 'Herbert', 'American science fiction author best known for the Dune series.'),
       (20, 'Arthur C.', 'Clarke', 'British science fiction writer and futurist, author of 2001: A Space Odyssey.'),
       (21, 'Ray', 'Bradbury', 'American author and screenwriter known for his works of science fiction and fantasy.'),
       (22, 'Philip K.', 'Dick', 'American science fiction writer whose work explored altered states of reality.'),
       (23, 'Brandon', 'Sanderson',
        'American author of epic fantasy and science fiction, known for the Cosmere universe.'),
       (24, 'Joe', 'Abercrombie', 'British fantasy writer known for his gritty, subversive take on the genre.'),
       (25, 'Andy', 'Weir', 'American novelist known for hard science fiction grounded in real science.'),
       (26, 'Liu', 'Cixin', 'Chinese science fiction writer, winner of the Hugo Award for The Three-Body Problem.'),
       (27, 'Octavia E.', 'Butler',
        'American science fiction author, the first sci-fi writer to receive a MacArthur Fellowship.');

INSERT INTO books (id, title, isbn, publisher_id, publication_date, page_count)
VALUES (8, '1984', '9780451524935', 7, '1949-06-08', 328),
       (9, 'Brave New World', '9780060850524', 8, '1932-01-01', 268),
       (10, 'Foundation', '9780553293357', 9, '1951-06-01', 244),
       (11, 'The Left Hand of Darkness', '9780441478125', 10, '1969-03-01', 304),
       (12, 'Neuromancer', '9780441569595', 10, '1984-07-01', 271),
       (13, 'Snow Crash', '9780553380958', 11, '1992-06-01', 480),
       (14, 'The Name of the Wind', '9780756404741', 12, '2007-03-27', 662),
       (15, 'A Game of Thrones', '9780553103540', 11, '1996-08-01', 694),
       (16, 'The Fifth Season', '9780316229296', 13, '2015-08-04', 468),
       (17, 'Leviathan Wakes', '9780316129084', 13, '2011-06-15', 561),
       (18, 'Dune', '9780441013593', 10, '1965-08-01', 412),
       (19, 'Dune Messiah', '9780425074176', 10, '1969-10-01', 226),
       (20, '2001: A Space Odyssey', '9780451457998', 18, '1968-07-01', 297),
       (21, 'Rendezvous with Rama', '9780575016781', 17, '1973-06-01', 243),
       (22, 'Fahrenheit 451', '9781451673319', 14, '1953-10-19', 256),
       (23, 'The Martian Chronicles', '9781451678192', 14, '1950-05-01', 268),
       (24, 'Do Androids Dream of Electric Sheep?', '9780345404473', 14, '1968-03-01', 210),
       (25, 'The Man in the High Castle', '9780547572482', 18, '1962-10-01', 259),
       (26, 'The Way of Kings', '9780765326355', 15, '2010-08-31', 1007),
       (27, 'The Final Empire', '9780765311788', 15, '2006-07-17', 541),
       (28, 'The Blade Itself', '9780575077829', 17, '2006-05-04', 515),
       (29, 'The Martian', '9780804139021', 15, '2011-09-27', 369),
       (30, 'The Three-Body Problem', '9780765377067', 15, '2008-01-01', 400),
       (31, 'Kindred', '9780807083697', 18, '1979-06-01', 287),
       (32, 'Parable of the Sower', '9781538732182', 16, '1993-10-01', 345),
       (33, 'The Dispossessed', '9780061054884', 10, '1974-05-01', 341),
       (34, 'The Word for World is Forest', '9780765325587', 15, '1972-01-01', 189),
       (35, 'Cryptonomicon', '9780060512804', 18, '1999-05-15', 918),
       (36, 'The Wise Man''s Fear', '9780756407025', 12, '2011-03-01', 994),
       (37, 'Caliban''s War', '9780316129060', 13, '2012-06-26', 595);

INSERT INTO book_authors (book_id, author_id)
VALUES (8, 8),
       (9, 9),
       (10, 10),
       (11, 11),
       (12, 12),
       (13, 13),
       (14, 14),
       (15, 15),
       (16, 16),
       (17, 17),
       (17, 18),
       (18, 19),
       (19, 19),
       (20, 20),
       (21, 20),
       (22, 21),
       (23, 21),
       (24, 22),
       (25, 22),
       (26, 23),
       (27, 23),
       (28, 24),
       (29, 25),
       (30, 26),
       (31, 27),
       (32, 27),
       (33, 11),
       (34, 11),
       (35, 13),
       (36, 14),
       (37, 17),
       (37, 18);

INSERT INTO genres (id, name)
VALUES (1, 'Science Fiction'),
       (2, 'Fantasy'),
       (3, 'Epic Fantasy'),
       (9, 'Dystopian'),
       (10, 'Cyberpunk'),
       (11, 'Space Opera'),
       (12, 'Hard Science Fiction'),
       (13, 'Speculative Fiction'),
       (14, 'Alternate History'),
       (15, 'Post-Apocalyptic');

INSERT INTO book_genres (book_id, genre_id)
VALUES (8, 1),
       (8, 9),
       (9, 1),
       (9, 9),
       (10, 1),
       (10, 11),
       (11, 1),
       (11, 13),
       (12, 1),
       (12, 10),
       (13, 1),
       (13, 10),
       (14, 2),
       (14, 3),
       (15, 2),
       (15, 3),
       (16, 2),
       (16, 1),
       (17, 1),
       (17, 11),
       (18, 1),
       (18, 12),
       (19, 1),
       (19, 12),
       (20, 1),
       (20, 12),
       (21, 1),
       (21, 12),
       (22, 1),
       (22, 9),
       (23, 1),
       (23, 13),
       (24, 1),
       (24, 13),
       (25, 14),
       (25, 13),
       (26, 2),
       (26, 3),
       (27, 2),
       (27, 3),
       (28, 2),
       (28, 3),
       (29, 1),
       (29, 12),
       (30, 1),
       (30, 13),
       (31, 1),
       (31, 13),
       (32, 1),
       (32, 15),
       (33, 1),
       (33, 13),
       (34, 1),
       (34, 13),
       (35, 1),
       (35, 10),
       (36, 2),
       (36, 3),
       (37, 1),
       (37, 11);

SELECT setval('publishers_id_seq', (SELECT MAX(id) FROM publishers));
SELECT setval('authors_id_seq', (SELECT MAX(id) FROM authors));
SELECT setval('books_id_seq', (SELECT MAX(id) FROM books));
SELECT setval('genres_id_seq', (SELECT MAX(id) FROM genres));